{
    "loss": 0.24773040413856506,
    "accuracy": 0.9556103348731995,
    "epochs": 20,
    "val_loss": 0.24773040413856506,
    "val_accuracy": 0.9556103348731995
}