{
    "train_metrics": {
        "loss": 0.26014429330825806,
        "accuracy": 0.954377293586731,
        "epochs": 20,
        "val_loss": 0.2684960663318634,
        "val_accuracy": 0.9537608027458191
    },
    "classification_metrics": {
        "precision": {
            "Acoge": 1.0,
            "Acuerdo": 0.9393939393939394,
            "Acumulaci\u00f3n": 1.0,
            "Admisibles": 0.9375,
            "Agr\u00e9guese A Tabla": 0.9642857142857143,
            "Apercibe": 0.9848484848484849,
            "Archivado": 1.0,
            "Art / Numeral": 1.0,
            "Certifiquese": 1.0,
            "Concede Apelaci\u00f3n": 1.0,
            "Cs": 0.9692307692307692,
            "Dese Cuenta": 0.971830985915493,
            "Evacua Informe": 0.8805970149253731,
            "Fallo/Desestima": 0.96,
            "Fija Costas": 1.0,
            "Ica Amplia Plazo": 0.9230769230769231,
            "Ica Informa": 0.7802197802197802,
            "Ica Solicita Diligencia": 0.8863636363636364,
            "Inadmisible/Omite": 1.0,
            "Incompetencia": 1.0,
            "Inhabilidad": 0.9482758620689655,
            "Inicio Tramitaci\u00f3n": 1.0,
            "Multa": 1.0,
            "Nhl": 0.9420289855072463,
            "Oni": 0.9090909090909091,
            "Prescinde": 1.0,
            "Rechazada": 1.0,
            "Retira": 1.0,
            "micro avg": 0.9585194639438417,
            "macro avg": 0.9641693930331156,
            "weighted avg": 0.9587840644192273
        },
        "recall": {
            "Acoge": 0.9846153846153847,
            "Acuerdo": 1.0,
            "Acumulaci\u00f3n": 1.0,
            "Admisibles": 0.8823529411764706,
            "Agr\u00e9guese A Tabla": 0.9642857142857143,
            "Apercibe": 0.9558823529411765,
            "Archivado": 1.0,
            "Art / Numeral": 0.9761904761904762,
            "Certifiquese": 0.9615384615384616,
            "Concede Apelaci\u00f3n": 1.0,
            "Cs": 0.9692307692307692,
            "Dese Cuenta": 0.9452054794520548,
            "Evacua Informe": 0.8428571428571429,
            "Fallo/Desestima": 1.0,
            "Fija Costas": 1.0,
            "Ica Amplia Plazo": 0.972972972972973,
            "Ica Informa": 0.7888888888888889,
            "Ica Solicita Diligencia": 0.8666666666666667,
            "Inadmisible/Omite": 1.0,
            "Incompetencia": 1.0,
            "Inhabilidad": 0.9821428571428571,
            "Inicio Tramitaci\u00f3n": 1.0,
            "Multa": 1.0,
            "Nhl": 0.9701492537313433,
            "Oni": 1.0,
            "Prescinde": 1.0,
            "Rechazada": 0.95,
            "Retira": 1.0,
            "micro avg": 0.9548633184996821,
            "macro avg": 0.9647492629175136,
            "weighted avg": 0.9548633184996821
        },
        "f1-score": {
            "Acoge": 0.9922480620155039,
            "Acuerdo": 0.96875,
            "Acumulaci\u00f3n": 1.0,
            "Admisibles": 0.9090909090909091,
            "Agr\u00e9guese A Tabla": 0.9642857142857143,
            "Apercibe": 0.9701492537313433,
            "Archivado": 1.0,
            "Art / Numeral": 0.9879518072289156,
            "Certifiquese": 0.9803921568627451,
            "Concede Apelaci\u00f3n": 1.0,
            "Cs": 0.9692307692307692,
            "Dese Cuenta": 0.9583333333333334,
            "Evacua Informe": 0.8613138686131386,
            "Fallo/Desestima": 0.9795918367346939,
            "Fija Costas": 1.0,
            "Ica Amplia Plazo": 0.9473684210526315,
            "Ica Informa": 0.7845303867403315,
            "Ica Solicita Diligencia": 0.8764044943820225,
            "Inadmisible/Omite": 1.0,
            "Incompetencia": 1.0,
            "Inhabilidad": 0.9649122807017544,
            "Inicio Tramitaci\u00f3n": 1.0,
            "Multa": 1.0,
            "Nhl": 0.9558823529411765,
            "Oni": 0.9523809523809523,
            "Prescinde": 1.0,
            "Rechazada": 0.9743589743589743,
            "Retira": 1.0,
            "micro avg": 0.956687898089172,
            "macro avg": 0.9641848419173181,
            "weighted avg": 0.9566083783890794
        },
        "support": {
            "Acoge": 65.0,
            "Acuerdo": 31.0,
            "Acumulaci\u00f3n": 67.0,
            "Admisibles": 51.0,
            "Agr\u00e9guese A Tabla": 84.0,
            "Apercibe": 68.0,
            "Archivado": 53.0,
            "Art / Numeral": 42.0,
            "Certifiquese": 52.0,
            "Concede Apelaci\u00f3n": 45.0,
            "Cs": 65.0,
            "Dese Cuenta": 73.0,
            "Evacua Informe": 70.0,
            "Fallo/Desestima": 24.0,
            "Fija Costas": 69.0,
            "Ica Amplia Plazo": 37.0,
            "Ica Informa": 90.0,
            "Ica Solicita Diligencia": 90.0,
            "Inadmisible/Omite": 57.0,
            "Incompetencia": 37.0,
            "Inhabilidad": 56.0,
            "Inicio Tramitaci\u00f3n": 34.0,
            "Multa": 44.0,
            "Nhl": 67.0,
            "Oni": 30.0,
            "Prescinde": 58.0,
            "Rechazada": 60.0,
            "Retira": 54.0,
            "micro avg": 1573.0,
            "macro avg": 1573.0,
            "weighted avg": 1573.0
        }
    }
}